DEMO_F,SEQN,"Respondent sequence number"
DEMO_F,SDDSRVYR,"Data Release Number"
DEMO_F,RIDSTATR,"Interview/Examination Status"
DEMO_F,RIDEXMON,"Six month time period"
DEMO_F,RIAGENDR,"Gender"
DEMO_F,RIDAGEYR,"Age at Screening Adjudicated - Recode"
DEMO_F,RIDAGEMN,"Age in Months at Screening - Recode"
DEMO_F,RIDAGEEX,"Age in Months at Exam - Recode"
DEMO_F,RIDRETH1,"Race/Ethnicity - Recode"
DEMO_F,DMQMILIT,"Served in the US Armed Forces"
DEMO_F,DMDBORN2,"Country of Birth - Recode"
DEMO_F,DMDCITZN,"Citizenship Status"
DEMO_F,DMDYRSUS,"Length of time in US"
DEMO_F,DMDEDUC3,"Education Level - Children/Youth 6-19"
DEMO_F,DMDEDUC2,"Education Level - Adults 20+"
DEMO_F,DMDSCHOL,"Now attending school?"
DEMO_F,DMDMARTL,"Marital Status"
DEMO_F,DMDHHSIZ,"Total number of people in the Household"
DEMO_F,DMDFMSIZ,"Total number of people in the Family"
DEMO_F,INDHHIN2,"Annual Household Income"
DEMO_F,INDFMIN2,"Annual Family Income"
DEMO_F,INDFMPIR,"Ratio of family income to poverty"
DEMO_F,RIDEXPRG,"Pregnancy Status at Exam - Recode"
DEMO_F,DMDHRGND,"HH Ref Person Gender"
DEMO_F,DMDHRAGE,"HH Ref Person Age"
DEMO_F,DMDHRBR2,"HH Ref Person Country of Birth"
DEMO_F,DMDHREDU,"HH Ref Person Education Level"
DEMO_F,DMDHRMAR,"HH Ref Person Marital Status"
DEMO_F,DMDHSEDU,"HH Ref Person's Spouse Education Level"
DEMO_F,SIALANG,"Language of SP Interview"
DEMO_F,SIAPROXY,"Proxy used in SP Interview?"
DEMO_F,SIAINTRP,"Interpreter used in SP Interview?"
DEMO_F,FIALANG,"Language of Family Interview"
DEMO_F,FIAPROXY,"Proxy used in Family Interview?"
DEMO_F,FIAINTRP,"Interpreter used in Family Interview?"
DEMO_F,MIALANG,"Language of MEC Interview"
DEMO_F,MIAPROXY,"Proxy used in MEC Interview?"
DEMO_F,MIAINTRP,"Interpreter used in MEC Interview?"
DEMO_F,AIALANG,"Language of ACASI Interview"
DEMO_F,WTINT2YR,"Full Sample 2 Year Interview Weight"
DEMO_F,WTMEC2YR,"Full Sample 2 Year MEC Exam Weight"
DEMO_F,SDMVPSU,"Masked Variance Pseudo-PSU"
DEMO_F,SDMVSTRA,"Masked Variance Pseudo-Stratum"
