DEMO_G,SEQN,"Respondent sequence number"
DEMO_G,SDDSRVYR,"Data release cycle"
DEMO_G,RIDSTATR,"Interview/Examination status"
DEMO_G,RIAGENDR,"Gender"
DEMO_G,RIDAGEYR,"Age in years at screening"
DEMO_G,RIDAGEMN,"Age in months at screening - 0 to 24 mos"
DEMO_G,RIDRETH1,"Race/Hispanic origin"
DEMO_G,RIDRETH3,"Race/Hispanic origin w/ NH Asian"
DEMO_G,RIDEXMON,"Six month time period"
DEMO_G,RIDEXAGY,"Age in years at exam - 2 to 19 years"
DEMO_G,RIDEXAGM,"Age in months at exam - 0 to 19 years"
DEMO_G,DMQMILIZ,"Served active duty in US Armed Forces"
DEMO_G,DMQADFC,"Served in a foreign country"
DEMO_G,DMDBORN4,"Country of birth"
DEMO_G,DMDCITZN,"Citizenship status"
DEMO_G,DMDYRSUS,"Length of time in US"
DEMO_G,DMDEDUC3,"Education level - Children/Youth 6-19"
DEMO_G,DMDEDUC2,"Education level - Adults 20+"
DEMO_G,DMDMARTL,"Marital status"
DEMO_G,RIDEXPRG,"Pregnancy status at exam"
DEMO_G,SIALANG,"Language of SP Interview"
DEMO_G,SIAPROXY,"Proxy used in SP Interview?"
DEMO_G,SIAINTRP,"Interpreter used in SP Interview?"
DEMO_G,FIALANG,"Language of Family Interview"
DEMO_G,FIAPROXY,"Proxy used in Family Interview?"
DEMO_G,FIAINTRP,"Interpreter used in Family Interview?"
DEMO_G,MIALANG,"Language of MEC Interview"
DEMO_G,MIAPROXY,"Proxy used in MEC Interview?"
DEMO_G,MIAINTRP,"Interpreter used in MEC Interview?"
DEMO_G,AIALANGA,"Language of ACASI Interview"
DEMO_G,WTINT2YR,"Full sample 2 year interview weight"
DEMO_G,WTMEC2YR,"Full sample 2 year MEC exam weight"
DEMO_G,SDMVPSU,"Masked variance pseudo-PSU"
DEMO_G,SDMVSTRA,"Masked variance pseudo-stratum"
DEMO_G,INDHHIN2,"Annual household income"
DEMO_G,INDFMIN2,"Annual family income"
DEMO_G,INDFMPIR,"Ratio of family income to poverty"
DEMO_G,DMDHHSIZ,"Total number of people in the Household"
DEMO_G,DMDFMSIZ,"Total number of people in the Family"
DEMO_G,DMDHHSZA,"# of children 5 years or younger in HH"
DEMO_G,DMDHHSZB,"# of children 6-17 years old in HH"
DEMO_G,DMDHHSZE,"# of adults 60 years or older in HH"
DEMO_G,DMDHRGND,"HH ref person's gender"
DEMO_G,DMDHRAGE,"HH ref person's age in years"
DEMO_G,DMDHRBR4,"HH ref person's country of birth"
DEMO_G,DMDHREDU,"HH ref person's education level"
DEMO_G,DMDHRMAR,"HH ref person's marital status"
DEMO_G,DMDHSEDU,"HH ref person's spouse's education level"
